"","Group.1","Murder","Assault","UrbanPop","Rape","groups"
"1",1,14.0875,252.75,53.5,24.5375,1
"2",2,11.0545454545455,264.090909090909,79.0909090909091,32.6181818181818,2
"3",3,5.87142857142857,134.47619047619,70.7619047619048,18.5809523809524,3
"4",4,3.18,78.7,49.3,11.63,4
